,count,recidivism_rate,high_risk_rate,avg_score,false_positive_rate,false_negative_rate,true_positive_rate
Other,377.0,0.35278514588859416,0.09549071618037135,2.949602122015915,0.045081967213114756,0.8120300751879699,0.18796992481203006
African-American,3696.0,0.5143398268398268,0.38555194805194803,5.3687770562770565,0.249025069637883,0.4855339295107838,0.5144660704892162
Caucasian,2454.0,0.39364303178484106,0.17074164629176855,3.735126324368378,0.0913978494623656,0.7070393374741201,0.29296066252587993
Hispanic,637.0,0.3642072213500785,0.15855572998430142,3.463108320251177,0.11604938271604938,0.7672413793103449,0.23275862068965517
Native American,18.0,0.5555555555555556,0.5555555555555556,6.166666666666667,0.25,0.2,0.8
Asian,32.0,0.28125,0.125,2.9375,0.043478260869565216,0.6666666666666666,0.3333333333333333
